scenario,requests,trial,policy,placed,success_pct,cpu_sd_pp,memory_sd_pp,mean_schedule_us
balanced-light,8,0,first-fit,8,100,50,12.5,0.026
balanced-light,8,0,least-loaded-dominant-resource,8,100,0,0,0.08325
balanced-light,8,1,first-fit,8,100,50,12.5,0.0105
balanced-light,8,1,least-loaded-dominant-resource,8,100,0,0,0.078375
balanced-light,8,2,first-fit,8,100,50,12.5,0.026
balanced-light,8,2,least-loaded-dominant-resource,8,100,0,0,0.0625
balanced-light,8,3,first-fit,8,100,50,12.5,0.02075
balanced-light,8,3,least-loaded-dominant-resource,8,100,0,0,0.06775
balanced-light,8,4,first-fit,8,100,50,12.5,0.021
balanced-light,8,4,least-loaded-dominant-resource,8,100,0,0,0.06775
balanced-light,8,5,first-fit,8,100,50,12.5,0.015625
balanced-light,8,5,least-loaded-dominant-resource,8,100,0,0,0.06775
balanced-light,8,6,first-fit,8,100,50,12.5,0.020875
balanced-light,8,6,least-loaded-dominant-resource,8,100,0,0,0.06775
balanced-light,8,7,first-fit,8,100,50,12.5,0.01575
balanced-light,8,7,least-loaded-dominant-resource,8,100,0,0,0.06775
balanced-light,8,8,first-fit,8,100,50,12.5,0.026125
balanced-light,8,8,least-loaded-dominant-resource,8,100,0,0,0.047125
balanced-light,8,9,first-fit,8,100,50,12.5,0.01575
balanced-light,8,9,least-loaded-dominant-resource,8,100,0,0,0.052125
mixed-empty,48,0,first-fit,16,33.3333,10.6066,13.2583,0.0252292
mixed-empty,48,0,least-loaded-dominant-resource,17,35.4167,12.7475,7.11753,0.0556042
mixed-empty,48,1,first-fit,15,31.25,14.3069,29.0116,0.0321667
mixed-empty,48,1,least-loaded-dominant-resource,16,33.3333,6.12372,8.66448,0.0547708
mixed-empty,48,2,first-fit,16,33.3333,7.5,7.77334,0.0330625
mixed-empty,48,2,least-loaded-dominant-resource,16,33.3333,7.5,7.77334,0.0486667
mixed-empty,48,3,first-fit,16,33.3333,8.1968,7.32877,0.0295208
mixed-empty,48,3,least-loaded-dominant-resource,16,33.3333,8.1968,7.32877,0.0565208
mixed-empty,48,4,first-fit,16,33.3333,8.92679,8.66448,0.0225833
mixed-empty,48,4,least-loaded-dominant-resource,16,33.3333,7.5,7.77334,0.0573333
mixed-empty,48,5,first-fit,16,33.3333,10,7.8125,0.0295833
mixed-empty,48,5,least-loaded-dominant-resource,16,33.3333,2.16506,1.35316,0.0582292
mixed-empty,48,6,first-fit,17,35.4167,12.9904,6.44235,0.0295625
mixed-empty,48,6,least-loaded-dominant-resource,16,33.3333,2.16506,1.35316,0.0434375
mixed-empty,48,7,first-fit,16,33.3333,7.5,7.77334,0.0304375
mixed-empty,48,7,least-loaded-dominant-resource,16,33.3333,7.5,7.77334,0.0530208
mixed-empty,48,8,first-fit,16,33.3333,7.5,7.77334,0.0312917
mixed-empty,48,8,least-loaded-dominant-resource,17,35.4167,10.8253,7.96722,0.055625
mixed-empty,48,9,first-fit,16,33.3333,10.8972,13.35,0.02525
mixed-empty,48,9,least-loaded-dominant-resource,16,33.3333,6.49519,8.11899,0.0434375
mixed-preloaded,48,0,first-fit,8,16.6667,2.5,1.5625,0.0339167
mixed-preloaded,48,0,least-loaded-dominant-resource,8,16.6667,2.5,1.5625,0.0208333
mixed-preloaded,48,1,first-fit,8,16.6667,2.16506,1.35316,0.0234583
mixed-preloaded,48,1,least-loaded-dominant-resource,8,16.6667,2.16506,1.35316,0.0208125
mixed-preloaded,48,2,first-fit,8,16.6667,2.16506,1.35316,0.0312917
mixed-preloaded,48,2,least-loaded-dominant-resource,8,16.6667,2.16506,1.35316,0.0339167
mixed-preloaded,48,3,first-fit,8,16.6667,2.16506,1.35316,0.0304375
mixed-preloaded,48,3,least-loaded-dominant-resource,8,16.6667,2.16506,1.35316,0.03825
mixed-preloaded,48,4,first-fit,8,16.6667,2.16506,1.35316,0.0304375
mixed-preloaded,48,4,least-loaded-dominant-resource,8,16.6667,2.16506,1.35316,0.0130208
mixed-preloaded,48,5,first-fit,8,16.6667,2.16506,1.35316,0.0321458
mixed-preloaded,48,5,least-loaded-dominant-resource,8,16.6667,2.16506,1.35316,0.0391042
mixed-preloaded,48,6,first-fit,8,16.6667,2.16506,1.35316,0.0356458
mixed-preloaded,48,6,least-loaded-dominant-resource,8,16.6667,2.5,1.5625,0.0217292
mixed-preloaded,48,7,first-fit,8,16.6667,2.16506,1.35316,0.03825
mixed-preloaded,48,7,least-loaded-dominant-resource,8,16.6667,2.5,1.5625,0.0391042
mixed-preloaded,48,8,first-fit,8,16.6667,2.16506,1.35316,0.0260417
mixed-preloaded,48,8,least-loaded-dominant-resource,8,16.6667,2.16506,1.35316,0.0243333
mixed-preloaded,48,9,first-fit,8,16.6667,2.16506,1.35316,0.0251458
mixed-preloaded,48,9,least-loaded-dominant-resource,8,16.6667,2.16506,1.35316,0.033875
mixed-repeat,48,0,first-fit,16,33.3333,10.6066,13.2583,0.0338542
mixed-repeat,48,0,least-loaded-dominant-resource,17,35.4167,12.7475,7.11753,0.052125
mixed-repeat,48,1,first-fit,15,31.25,14.3069,29.0116,0.0295208
mixed-repeat,48,1,least-loaded-dominant-resource,16,33.3333,6.12372,8.66448,0.059125
mixed-repeat,48,2,first-fit,16,33.3333,7.5,7.77334,0.0417292
mixed-repeat,48,2,least-loaded-dominant-resource,16,33.3333,7.5,7.77334,0.0608333
mixed-repeat,48,3,first-fit,16,33.3333,8.1968,7.32877,0.0408958
mixed-repeat,48,3,least-loaded-dominant-resource,16,33.3333,8.1968,7.32877,0.0608333
mixed-repeat,48,4,first-fit,16,33.3333,8.92679,8.66448,0.0434167
mixed-repeat,48,4,least-loaded-dominant-resource,16,33.3333,7.5,7.77334,0.0591458
mixed-repeat,48,5,first-fit,16,33.3333,10,7.8125,0.0416667
mixed-repeat,48,5,least-loaded-dominant-resource,16,33.3333,2.16506,1.35316,0.0582083
mixed-repeat,48,6,first-fit,17,35.4167,12.9904,6.44235,0.0399792
mixed-repeat,48,6,least-loaded-dominant-resource,16,33.3333,2.16506,1.35316,0.060875
mixed-repeat,48,7,first-fit,16,33.3333,7.5,7.77334,0.0364583
mixed-repeat,48,7,least-loaded-dominant-resource,16,33.3333,7.5,7.77334,0.0503958
mixed-repeat,48,8,first-fit,16,33.3333,7.5,7.77334,0.0313125
mixed-repeat,48,8,least-loaded-dominant-resource,17,35.4167,10.8253,7.96722,0.0382708
mixed-repeat,48,9,first-fit,16,33.3333,10.8972,13.35,0.0243333
mixed-repeat,48,9,least-loaded-dominant-resource,16,33.3333,6.49519,8.11899,0.0460417
